MTmXCgMyu_gvTS60xSisdQ.png, Burger King
nbB39RNNLXIf3YiaLACvKQ.png, Subway
8sje6w6mqLZD5pGzxWwtTQ.png, Rastst√§tte
xR6uzrvOSRpWdFxD8b7Cvg.png, JACK & JONES
DFSltaSQKdhpf9_Z97KT-w.png, Levi's
8SqNFDm3Er9oOvgEtzx-Hg.png, Toyota
jZsqo5gQeEYPR6hu0uI_3A.png, McDonald's
zQB9e5MTJjMb6v6H6m_0xA.png, T. J. Hughes
2dVDJRRJi67fBi5epb7N2w.png, Macy's
b0EkEXWlzEc2h0bHA3ik5A.png, R N Diamonds
SX5Zq_fSlxxXq0Yy5TbpzA.png, Springfield
3nbjgFppBOq-FNld1Sx_QA.png, Boss
VXhfWWJVxa4BZI0ObOf34w.png, GameStop
wMALVCiUExsolkmUFAhphQ.png, Banca March
ZWcpsDvDmbnKbqRm5Fuk7g.png, Neuhaus
QbTSDw41lWVpIYUvrIQYZQ.png, AGATHA
QMIkQB-APjhGGc1xamLL9g.png, GOOD DAYS
RBh5GLYkWYDY12h_Sk5EFw.png, LEADER PRICE
RDAwb5QZJgJH5qTMjDPaJA.png, Bob's
uB71ZTn8-jbbvAwsOnoPQA.png, MUSTAFA